<?xml version="1.0" encoding="ISO-8859-1"?><!DOCTYPE metadata SYSTEM "http://www.fgdc.gov/metadata/fgdc-std-001-1998.dtd"><metadata>
<idinfo>
<citation>
<citeinfo>
<origin>ISSUER</origin>
<pubdate>October 24, 2024</pubdate>
<title>ep122024_2024102415_forecastradii</title>
<geoform>vector digital data</geoform>
<onlink>GIS_URL</onlink>
</citeinfo>
</citation>
<descript>
<abstract>
The forecast wind radii are the farthest extent from the center of 34-, 50-, and 64-knot 
winds in each quadrant of a tropical cyclone expected for each forecast period.  Consequently, 
they are not an exact representation of the expected wind field.
</abstract>
<purpose>
The forecast wind radii are intended to show the expected size of the storm and the areas 
potentially affected by sustained winds of tropical storm force (34 Knot), 50 knot and 
hurricane force (64 knot) from a tropical cyclone.  

- Tropical storm force (34 Knot) radii are forecasted through 72  hours, 
- 50 knot radii are forecasted through 72 hours and 
- hurricane force (64 Knot) radii are forecasted through 36 hours

NHC does not forecast wind radii beyond these times. Consequently, tropical cyclones may
be forecasted at certain intensities without the corresponding wind radii.

Users are reminded that the offical wind radii forecast represents the maximum possible extent 
of a given wind speed within a particular quadrant.  As a result, not all locations falling within 
the radii will necessarily experience the indicated wind speeds.

These data are intended for geographic display and analysis at the national level and for large 
regional areas.  The data should be displayed and analyzed at scales appropriate for 
1:2,000,000-scale data.  No responsibility is assumed by the National Oceanic and Atmospheric 
Administration in the use of these data.
</purpose>
</descript>
<timeperd>
<timeinfo>
<sngdate>
<caldate>October 24, 2024</caldate>
</sngdate>
</timeinfo>
<current></current>
</timeperd>
<status>
<progress>Complete</progress>
<update>None planned</update>
</status>
<spdom>
<bounding>
<westbc>
-140.0</westbc>
<eastbc>
0.0</eastbc>
<northbc>
60.0</northbc>
<southbc>
0.0</southbc>
</bounding>
</spdom>
<keywords>
<theme>
<themekt>None</themekt>
<themekey>Wind Radii</themekey>
<themekey>Wind Swath</themekey>
<themekey>Hurricane</themekey>
<themekey>Hurricane Track</themekey>
<themekey>Tropical Storm</themekey>
<themekey>Subtropical storm</themekey>
<themekey>Subtropical depression</themekey>
<themekey>Tropical disturbance</themekey>
<themekey>Tropical Wave</themekey>
<themekey>Tropical low</themekey>
<themekey>Extratropical storm</themekey>
<themekey>Major hurricane</themekey>
<themekey>Tropical cyclone</themekey>
<themekey>Subtropical cyclone</themekey>
</theme>
<place>
<placekt>None</placekt>
<placekey>United States</placekey>
<placekey>Atlantic</placekey>
<placekey>North Atlantic Basin</placekey>
<placekey>Gulf of Mexico</placekey>
<placekey>Caribbean Sea</placekey>
<placekey>Pacific Islands</placekey>
<placekey>Eastern North Pacific Basin</placekey>
</place>
</keywords>
<accconst>None</accconst>
<useconst>None. Acknowledgement of the National Oceanic and Atmospheric Administration, National Weather Service, National Centers for Environmental Prediction or the National Hurricane Center would be appreciated in products derived from these data.</useconst>
<ptcontac>
<cntinfo>
<cntperp>
<cntper>GIS POC</cntper>
<cntorg>ISSUER</cntorg>
</cntperp>
<cntaddr>
<addrtype>physical address</addrtype>
<address>11691 SW 17th St.</address>
<city>Miami</city>
<state>FL</state>
<postal>33165</postal>
<country>USA</country>
</cntaddr>
</cntinfo>
</ptcontac>
</idinfo>
<spdoinfo>
<direct>Vector</direct>
<ptvctinf>
<sdtsterm>
<sdtstype>Entity point</sdtstype>
<ptvctcnt>9</ptvctcnt>
</sdtsterm>
</ptvctinf>
</spdoinfo>
<spref>
<horizsys>
<geograph>
<latres>0.1</latres>
<longres>0.1</longres>
<geogunit>Decimal degrees</geogunit>
</geograph>
<geodetic>
<horizdn>D_Sphere</horizdn>
<ellips>Sphere</ellips>
<semiaxis>6371200.000000</semiaxis>
<denflat>infinity</denflat>
</geodetic>
</horizsys>
</spref>
<eainfo>
<detailed>
<enttyp>
<enttypl>
ep122024_2024102415_forecastradii</enttypl>
</enttyp>
<attr>
<attrlabl>FID</attrlabl>
<attrdef>Internal feature number.</attrdef>
<attrdefs>ESRI</attrdefs>
<attrdomv>
<udom>Sequential unique whole numbers that are automatically generated.</udom>
</attrdomv>
</attr>
<attr>
<attrlabl>Shape</attrlabl>
<attrdef>Feature geometry.</attrdef>
<attrdefs>ESRI</attrdefs>
<attrdomv>
<udom>Coordinates defining the features.</udom>
</attrdomv>
</attr>
<attr>
<attrlabl>RADII</attrlabl>
<attrdef>The wind speed in knots associated with the bounding polygon.</attrdef>
<attrdomv>
<edom>
<edomv>34</edomv>
<edomvd>34 Knot- Tropical Storm Force Wind Radii</edomvd>
</edom>
<edom>
<edomv>50</edomv>
<edomvd>50 Knot - 50 Knot Wind Radii</edomvd>
</edom>
<edom>
<edomv>64</edomv>
<edomvd>64 Knot - Hurricane Force Wind Radii</edomvd>
</edom>
</attrdomv>
</attr>
<attr>
<attrlabl>STORMID</attrlabl>
<attrdef>A unique character string that is specific to each tropical cyclone.  
The string follows the pattern BBNNYYYY, where BB is AL for Atlantic, EP for East Pacific, 
and CP for Central Pacific; NN is the sequential number of the storm during the season; 
and YYYY is the year.
</attrdef>
</attr>
<attr>
<attrlabl>BASIN</attrlabl>
<attrdef>The ocean where the tropical cyclone is located</attrdef>
<attrdomv>
<edom>
<edomv>AL</edomv>
<edomvd>Atlantic</edomvd>
</edom>
<edom>
<edomv>EP</edomv>
<edomvd>East Pacific</edomvd>
</edom>
</attrdomv>
</attr>
<attr>
<attrlabl>STORMNUM</attrlabl>
<attrdef>The sequential number of the tropical cyclone for a particular BASIN according 
to the time that the first advisory is issued.
</attrdef>
</attr>
<attr>
<attrlabl>SYNOPTIME</attrlabl>
<attrdef>Initial time in the forecast cycle in which a tropical cyclone�s intensity and size are 
analyzed, occurring at 0000, 0600, 1200, or 1800 UTC.
</attrdef>
</attr>
<attr>
<attrlabl>TAU</attrlabl>
<attrdef>Number of hours from the forecast valid time for which a forecast is made.</attrdef>
</attr>
<attr>
<attrlabl>VALIDTIME</attrlabl>
<attrdef>the time in which a forecast or warning is in effect, until it is updated or superseded by a new forecast issuance
</attrdef>
</attr>
<attr>
<attrlabl>NE</attrlabl>
<attrdef>The largest distance of wind speed in Nautical Miles in the NE (0 - 90 degree) quadrant.</attrdef>
</attr>
<attr>
<attrlabl>SE</attrlabl>
<attrdef>The largest distance of wind speed in Nautical Miles in the SE (90 - 180 degree) quadrant.</attrdef>
</attr>
<attr>
<attrlabl>SW</attrlabl>
<attrdef>The largest distance of wind speed in Nautical Miles in the SW (180 - 270 degree) quadrant.</attrdef>
</attr>
<attr>
<attrlabl>NW</attrlabl>
<attrdef>The largest distance of wind speed in Nautical Miles in the NW (270 - 360 degree) quadrant.</attrdef>
</attr>
</detailed>
</eainfo>
<distinfo>
<resdesc>Downloadable Data</resdesc>
<distliab>No responsibility is assumed by the National Oceanic and Atmospheric Administration in the use of these data.</distliab>
<stdorder>
<digform>
<digtinfo>
<transize> </transize>
</digtinfo>
</digform>
</stdorder>
</distinfo>
<metainfo>
<metd>October 24, 2024</metd>
<metc>
<cntinfo>
<cntorgp>
<cntorg>ISSUER</cntorg>
<cntper>GIS POC</cntper>
</cntorgp>
<cntpos>Technical Support Branch</cntpos>
<cntaddr>
<addrtype>physical address</addrtype>
<address>11691 SW 17th St.</address>
<city>Miami</city>
<state>FL</state>
<postal>33178</postal>
<country>USA</country>
</cntaddr>
<cntvoice>305-229-4400</cntvoice>
</cntinfo>
</metc>
<metstdn>FGDC Content Standards for Digital Geospatial Metadata</metstdn>
<metstdv>FGDC-STD-001-1998</metstdv>
<mettc>local time</mettc>
<metextns>
<onlink>http://www.esri.com/metadata/esriprof80.html</onlink>
<metprof>ESRI Metadata Profile</metprof>
</metextns>
</metainfo>
</metadata>
