<?xml version="1.0" encoding="ISO-8859-1"?><!DOCTYPE metadata SYSTEM "http://www.fgdc.gov/metadata/fgdc-std-001-1998.dtd"><metadata>
<idinfo>
<citation>
<citeinfo>
<origin>National Hurricane Center</origin>
<pubdate>November 03, 2024</pubdate>
<title>AL172024_pts</title>
<geoform>vector digital data</geoform>
<onlink>http://www.nhc.noaa.gov/gis</onlink>
</citeinfo>
</citation>
<descript>
<abstract>
The NHC working best track shapefile is an experimental product that the 
National Hurricane Center is testing during the 2009 hurricane season.

The working best track is a subjectively-smoothed representation of the tropical cyclone's 
location and intensity (maximum 1-minute sustained surface wind speed and minimum 
sea-level pressure) at 6 hour intervals over its lifetime.  The 
working best track may not exactly match the information contained in the 
real-time storm advisories because the data in a working best track are 
subject to modification during the life cycle of the cyclone.  

(Note:  The "working best track" represents the forecasters' best estimates of the 
location, intensity, and size of a tropical cyclone while the cyclone is ongoing. 
After the life cycle is complete, forecasters prepare a "final best track", using 
data that might not have been available operationally, and it is the final best 
track that represents NHC's official historical record for the cyclone.)  
</abstract>
<purpose>
The working best track is a subjectively-smoothed representation of the tropical cyclone's 
location and intensity (maximum 1-minute sustained surface wind speed and minimum 
sea-level pressure) at 6 hour interval over its lifetime. In general, the working best 
track will not reflect the erratic motion implied by connecting the individual center 
fix positions.

These data are intended for geographic display and analysis at the 
national level, and for large regional areas.  The data should be displayed and 
analyzed at scales appropriate for 1:2,000,000-scale data.  No responsibility is assumed 
by the National Oceanic and Atmospheric Administration in the use of these data.
</purpose>
</descript>
<timeperd>
<timeinfo>
<sngdate>
<caldate>November 03, 2024</caldate>
</sngdate>
</timeinfo>
<current></current>
</timeperd>
<status>
<progress>Complete</progress>
<update>None planned</update>
</status>
<spdom>
<bounding>
<westbc>
-140.0</westbc>
<eastbc>
0.0</eastbc>
<northbc>
60.0</northbc>
<southbc>
0.0</southbc>
</bounding>
</spdom>
<keywords>
<theme>
<themekt>None</themekt>
<themekey>Hurricane</themekey>
<themekey>Hurricane Track</themekey>
<themekey>Tropical Storm</themekey>
<themekey>Subtropical storm</themekey>
<themekey>Subtropical depression</themekey>
<themekey>Tropical disturbance</themekey>
<themekey>Tropical Wave</themekey>
<themekey>Tropical low</themekey>
<themekey>Extratropical storm</themekey>
<themekey>Major hurricane</themekey>
<themekey>Tropical cyclone</themekey>
<themekey>Subtropical cyclone</themekey>
</theme>
<place>
<placekt>None</placekt>
<placekey>United States</placekey>
<placekey>Atlantic</placekey>
<placekey>North Atlantic Basin</placekey>
<placekey>Gulf of Mexico</placekey>
<placekey>Caribbean Sea</placekey>
<placekey>Pacific Islands</placekey>
<placekey>Eastern North Pacific Basin</placekey>
</place>
</keywords>
<accconst>None</accconst>
<useconst>None. Acknowledgement of the National Oceanic and Atmospheric Administration, National Weather Service, National Centers for Environmental Prediction or the National Hurricane Center would be appreciated in products derived from these data.</useconst>
<ptcontac>
<cntinfo>
<cntperp>
<cntper>GIS POC</cntper>
<cntorg>National Hurricane Center / Technical Support Branch</cntorg>
</cntperp>
<cntaddr>
<addrtype>physical address</addrtype>
<address>11691 SW 17th St.</address>
<city>Miami</city>
<state>FL</state>
<postal>33165</postal>
<country>USA</country>
</cntaddr>
</cntinfo>
</ptcontac>
</idinfo>
<spdoinfo>
<direct>Vector</direct>
<ptvctinf>
<sdtsterm>
<sdtstype>Entity point</sdtstype>
<ptvctcnt>21</ptvctcnt>
</sdtsterm>
</ptvctinf>
</spdoinfo>
<spref>
<horizsys>
<geograph>
<latres>0.1</latres>
<longres>0.1</longres>
<geogunit>Decimal degrees</geogunit>
</geograph>
<geodetic>
<horizdn>D_Sphere</horizdn>
<ellips>Sphere</ellips>
<semiaxis>6371200.000000</semiaxis>
<denflat>infinity</denflat>
</geodetic>
</horizsys>
</spref>
<eainfo>
<detailed>
<enttyp>
<enttypl>
AL172024_pts</enttypl>
</enttyp>
<attr>
<attrlabl>FID</attrlabl>
<attrdef>Internal feature number.</attrdef>
<attrdefs>ESRI</attrdefs>
<attrdomv>
<udom>Sequential unique whole numbers that are automatically generated.</udom>
</attrdomv>
</attr>
<attr>
<attrlabl>Shape</attrlabl>
<attrdef>Feature geometry.</attrdef>
<attrdefs>ESRI</attrdefs>
<attrdomv>
<udom>Coordinates defining the features.</udom>
</attrdomv>
</attr>
<attr>
<attrlabl>STORMNAME</attrlabl>
<attrdef>name given to each tropical cyclone for which the National Hurricane Center is writing forecast advisories</attrdef>
</attr>
<attr>
<attrlabl>STORMTYPE</attrlabl>
<attrdef>category of the tropical cyclone according to the initial intensity</attrdef>
<attrdomv>
<edom>
<edomv>TD</edomv>
<edomvd>Tropical Depression</edomvd>
</edom>
<edom>
<edomv>TS</edomv>
<edomvd>Tropical Storm</edomvd>
</edom>
<edom>
<edomv>HU</edomv>
<edomvd>Hurricane</edomvd>
</edom>
<edom>
<edomv>DB</edomv>
<edomvd>Disturbance</edomvd>
</edom>
</attrdomv>
</attr>
<attr>
<attrlabl>STORMNUM</attrlabl>
<attrdef>the sequential numbering of tropical cyclones for a specific forecast basin according to when the first advisory is issued</attrdef>
</attr>
<attr>
<attrlabl>BASIN</attrlabl>
<attrdef>the ocean where the tropical cyclone is located</attrdef>
<attrdomv>
<edom>
<edomv>AL</edomv>
<edomvd>Atlantic</edomvd>
</edom>
<edom>
<edomv>EP</edomv>
<edomvd>East Pacific</edomvd>
</edom>
</attrdomv>
</attr>
<attr>
<attrlabl>LAT</attrlabl>
<attrdef>distance north or south from the equator of the center of the tropical cyclone (decimal degrees)</attrdef>
</attr>
<attr>
<attrlabl>LON</attrlabl>
<attrdef>distance east or west on the earth's surface from the prime meridian at Greenwich, England of the center of the tropcical cyclone (decimal degrees)</attrdef>
</attr>
<attr>
<attrlabl>TAU</attrlabl>
<attrdef>number of hours from the forecast valid time for which a forecast is made</attrdef>
</attr>
<attr>
<attrlabl>INTENSITY</attrlabl>
<attrdef>the highest 1-minute average wind (at an elevation of 10 meters without an unobstructed exposure) associated with a tropical cyclone at a particular point in time (knots)</attrdef>
</attr>
<attr>
<attrlabl>MSLP</attrlabl>
<attrdef>the estimated sea level pressure at the center of a tropical cyclone (the lowest pressure in the system in Millibars)</attrdef>
</attr>
<attr>
<attrlabl>DTG</attrlabl>
<attrdef>The valid date and time of the data in UTC.</attrdef>
</attr>
<attrlabl>SS</attrlabl>
<attrdef>The Saffir Simpson Hurricane Scale. The Saffir-Simpson Hurricane Scale is a 1-5 rating based on the hurricane's present intensity. 
This is used to give an estimate of the potential property damage and flooding expected along the coast from a hurricane landfall. 
Wind speed is the determining factor in the scale, as storm surge values are highly dependent on the slope of the continental shelf and 
the shape of the coastline, in the landfall region. Note that all winds are using the U.S. 1-minute average.   </attrdef>
</attr>
</detailed>
</eainfo>
<distinfo>
<resdesc>Downloadable Data</resdesc>
<distliab>No responsibility is assumed by the National Oceanic and Atmospheric Administration in the use of these data.</distliab>
<stdorder>
<digform>
<digtinfo>
<transize> </transize>
</digtinfo>
</digform>
</stdorder>
</distinfo>
<metainfo>
<metd>November 03, 2024</metd>
<metc>
<cntinfo>
<cntorgp>
<cntorg>National Hurricane Center</cntorg>
<cntper>GIS POC</cntper>
</cntorgp>
<cntpos>Technical Support Branch</cntpos>
<cntaddr>
<addrtype>physical address</addrtype>
<address>11691 SW 17th St.</address>
<city>Miami</city>
<state>FL</state>
<postal>33178</postal>
<country>USA</country>
</cntaddr>
<cntvoice>305-229-4400</cntvoice>
</cntinfo>
</metc>
<metstdn>FGDC Content Standards for Digital Geospatial Metadata</metstdn>
<metstdv>FGDC-STD-001-1998</metstdv>
<mettc>local time</mettc>
<metextns>
<onlink>http://www.esri.com/metadata/esriprof80.html</onlink>
<metprof>ESRI Metadata Profile</metprof>
</metextns>
</metainfo>
</metadata>
