<PAMDataset>
  <Metadata>
    <MDI key="DataType">Generic</MDI>
  </Metadata>
  <PAMRasterBand band="1">
    <Histograms>
      <HistItem>
        <HistMin>-0.5</HistMin>
        <HistMax>7.5</HistMax>
        <BucketCount>8</BucketCount>
        <IncludeOutOfRange>1</IncludeOutOfRange>
        <Approximate>0</Approximate>
        <HistCounts>259521873|872080|1165298|111463|31|0|0|489833</HistCounts>
      </HistItem>
    </Histograms>
    <GDALRasterAttributeTable>
      <FieldDefn index="0">
        <Name>OID</Name>
        <Type>0</Type>
        <Usage>0</Usage>
      </FieldDefn>
      <FieldDefn index="1">
        <Name>Value</Name>
        <Type>0</Type>
        <Usage>0</Usage>
      </FieldDefn>
      <FieldDefn index="2">
        <Name>Count</Name>
        <Type>1</Type>
        <Usage>0</Usage>
      </FieldDefn>
      <Row index="0">
        <F>0</F>
        <F>1</F>
        <F>872080</F>
      </Row>
      <Row index="1">
        <F>1</F>
        <F>2</F>
        <F>1165298</F>
      </Row>
      <Row index="2">
        <F>2</F>
        <F>3</F>
        <F>111463</F>
      </Row>
      <Row index="3">
        <F>3</F>
        <F>4</F>
        <F>31</F>
      </Row>
    </GDALRasterAttributeTable>
    <Metadata>
      <MDI key="SourceBandIndex">0</MDI>
      <MDI key="STATISTICS_COVARIANCES">0.1157826787312169</MDI>
      <MDI key="STATISTICS_MAXIMUM">7</MDI>
      <MDI key="STATISTICS_MEAN">0.026571577058403</MDI>
      <MDI key="STATISTICS_MINIMUM">0</MDI>
      <MDI key="STATISTICS_SKIPFACTORX">1</MDI>
      <MDI key="STATISTICS_SKIPFACTORY">1</MDI>
      <MDI key="STATISTICS_STDDEV">0.34026853914404</MDI>
    </Metadata>
  </PAMRasterBand>
</PAMDataset>
