<?xml version="1.0"?>
<!--<!DOCTYPE metadata SYSTEM "http://www.esri.com/metadata/esriprof80.dtd">-->

<metadata xml:lang="en">

<Esri>
<MetaID>{88C14B80-C278-4853-8EF9-2FADFA378AD0}</MetaID>
<CreaDate>20241007</CreaDate>
<CreaTime>000000</CreaTime>
<SyncOnce>FALSE</SyncOnce>
<SyncDate>20241007</SyncDate>
<SyncTime>000000</SyncTime>
<ModDate>20241007</ModDate>
<ModTime>000000</ModTime>
</Esri>

<idinfo>
<native Sync="TRUE">Microsoft Windows XP Version 5.1 (Build 2600) Service Pack 2; ESRI ArcCatalog 9.2.1.1332</native>

<descript>
<langdata Sync="TRUE">en</langdata>
<abstract>The Tropical Cyclone Storm Surge Exceedences (P-Surge 2.5) data shows the probability, in percent, of a specified storm surge, including tides, exceeding the specified height, in feet, during the forecast period indicated.  The 10 percent exceedence height, for example, is the storm surge height, including tides, above ground level (AGL) such that there is a 10 percent chance of exceeding it.  The product is based upon an ensemble of Sea, Lake, and Overland Surge from Hurricanes (SLOSH) model runs using the National Hurricane Center (NHC) official advisory and accounts for track, size, and intensity errors based on historical errors and astronomical tide.</abstract>
<purpose>The Tropical Cyclone Storm Surge Exceedences (P-Surge 2.5) in shapefile format is intended to provide the emergency management community; federal, state, and local government agencies; media; maritime interests; and the general public with information that enhances their ability to make preparedness decisions specific to their own situations with regards to storm surge.</purpose>
</descript>

<citation>
<citeinfo>
<origin>NOAA/NWS MDL and NHC</origin>
<pubdate>20241007</pubdate>
<title Sync="TRUE">{file}</title>
<ftname Sync="TRUE">{file}</ftname>
<geoform>map</geoform>
<onlink>http://www.nws.noaa.gov/mdl/psurge2.0/</onlink>
</citeinfo>
</citation>

<timeperd>
<current>Valid from 10/07/2024 12:00:00 UTC to 10/10/2024 18:00:00 UTC.</current>
<timeinfo>
<sngdate>
<caldate>20241007</caldate>
</sngdate>
</timeinfo>
</timeperd>

<status>
<progress>Complete</progress>
<update>As advisories are issued</update>
</status>

<spdom>
<bounding>
<westbc Sync="TRUE">-93.219948</westbc>
<eastbc Sync="TRUE">-82.745415</eastbc>
<northbc Sync="TRUE">31.024118</northbc>
<southbc Sync="TRUE">28.617868</southbc>
</bounding>
<lboundng>
<leftbc Sync="TRUE">-93.219948</leftbc>
<rightbc Sync="TRUE">-82.745415</rightbc>
<bottombc Sync="TRUE">28.617868</bottombc>
<topbc Sync="TRUE">31.024118</topbc>
</lboundng>
</spdom>

<keywords>
<theme>
<themekt>http://www.nws.noaa.gov/directives/sym/pd01006001curr.pdf</themekt>
<themekey>Height of storm surge, for which there is a 10 percent chance of exceedance</themekey>
</theme>
</keywords>

<accconst>None.</accconst>
<useconst>None.  Acknowledgement of the National Oceanic and Atmospheric Administration, National Weather Service, Meteorological Development Laboratory, National Center for Environmental Prediction and National Hurricane Center would be appreciated in products derived from these data.</useconst>
<natvform Sync="TRUE">Shapefile</natvform>

<ptcontac>
<cntinfo>
<cntaddr>
<address>SSMC2</address>
<addrtype>mailing address</addrtype>
<address>1325 East West Highway</address>
<city>Silver Spring</city>
<state>MD</state>
<postal>20910</postal>
<country>USA</country>
</cntaddr>
<cntperp>
<cntper>P-Surge Project Lead</cntper>
<cntorg>MDL (OST) Evaluation Branch</cntorg>
</cntperp>
<cntvoice>301-713-1613</cntvoice>
<cntemail>nws.psurge@noaa.gov</cntemail>
<hours>Monday - Friday 8:00 AM - 5:00 PM Eastern Time</hours>
</cntinfo>
</ptcontac>

<ptcontac>
<cntinfo>
<cntaddr>
<address>National Hurricane Center</address>
<addrtype>mailing address</addrtype>
<address>11691 SW 17th Street</address>
<city>Miami</city>
<state>FL</state>
<postal>33165</postal>
<country>USA</country>
</cntaddr>
<cntperp>
<cntper>GIS POC</cntper>
<cntorg>Technical Support Branch</cntorg>
</cntperp>
<cntvoice>305-229-4470</cntvoice>
<cntemail></cntemail>
<hours>Monday - Friday 8:00 AM - 5:00 PM Eastern Time</hours>
</cntinfo>
</ptcontac>

</idinfo>

<dataIdInfo>
<envirDesc Sync="TRUE">Microsoft Windows XP Version 5.1 (Build 2600) Service Pack 2; ESRI ArcCatalog 9.2.1.1332</envirDesc>
<dataLang>
<languageCode Sync="TRUE" value="en"></languageCode>
</dataLang>
<idCitation>
<resTitle Sync="TRUE">{file}</resTitle>
<presForm>
<PresFormCd Sync="TRUE" value="005"></PresFormCd>
</presForm>
</idCitation>
<spatRpType>
<SpatRepTypCd Sync="TRUE" value="001"></SpatRepTypCd>
</spatRpType>
<dataExt>
<geoEle>
<GeoBndBox esriExtentType="native">
<westBL Sync="TRUE">-93.219948</westBL>
<eastBL Sync="TRUE">-82.745415</eastBL>
<northBL Sync="TRUE">31.024118</northBL>
<southBL Sync="TRUE">28.617868</southBL>
<exTypeCode Sync="TRUE">1</exTypeCode>
</GeoBndBox>
</geoEle>
</dataExt>
<geoBox esriExtentType="decdegrees">
<westBL Sync="TRUE">-93.219948</westBL>
<eastBL Sync="TRUE">-82.745415</eastBL>
<northBL Sync="TRUE">31.024118</northBL>
<southBL Sync="TRUE">28.617868</southBL>
<exTypeCode Sync="TRUE">1</exTypeCode>
</geoBox>
</dataIdInfo>

<metainfo>
<langmeta Sync="TRUE">en</langmeta>
<metstdn Sync="TRUE">FGDC Content Standards for Digital Geospatial Metadata</metstdn>
<metstdv Sync="TRUE">FGDC-STD-001-1998</metstdv>
<mettc Sync="TRUE">local time</mettc>
<metc>
<cntinfo>
<cntaddr>
<addrtype>mailing address</addrtype>
<city>Silver Spring</city>
<state>MD</state>
<postal>20910</postal>
<address>SSMC2</address>
<address>1325 East West Highway</address>
<country>USA</country>
</cntaddr>
<cntvoice>301-713-1613</cntvoice>
<cntperp>
<cntper>P-Surge Project Lead</cntper>
<cntorg>MDL (OST)</cntorg>
</cntperp>
<hours>Monday - Friday 8:00 AM - 5:00 PM Eastern Time</hours>
</cntinfo>
<cntinfo>
<cntaddr>
<address>National Hurricane Center</address>
<addrtype>mailing address</addrtype>
<address>11691 SW 17th Street</address>
<city>Miami</city>
<state>FL</state>
<postal>33165</postal>
<country>USA</country>
</cntaddr>
<cntperp>
<cntper>GIS POC</cntper>
<cntorg>Technical Support Branch</cntorg>
</cntperp>
<cntvoice>305-229-4470</cntvoice>
<cntemail></cntemail>
<hours>Monday - Friday 8:00 AM - 5:00 PM Eastern Time</hours>
</cntinfo>
</metc>
<metd>20241007</metd>
<metextns>
<onlink Sync="TRUE">http://www.esri.com/metadata/esriprof80.html</onlink>
<metprof Sync="TRUE">ESRI Metadata Profile</metprof>
</metextns>
</metainfo>

<mdLang>
<languageCode Sync="TRUE" value="en"></languageCode>
</mdLang>
<mdStanName Sync="TRUE">ISO 19115 Geographic Information - Metadata</mdStanName>
<mdStanVer Sync="TRUE">DIS_ESRI1.0</mdStanVer>
<mdChar>
<CharSetCd Sync="TRUE" value="004"></CharSetCd>
</mdChar>
<mdHrLv>
<ScopeCd Sync="TRUE" value="005"></ScopeCd>
</mdHrLv>
<mdHrLvName Sync="TRUE">dataset</mdHrLvName>

<distinfo>
<resdesc Sync="TRUE">Downloadable Data</resdesc>
<distrib>
<cntinfo>
<cntaddr>
<address>SSMC2</address>
<addrtype>mailing address</addrtype>
<address>1325 East West Highway</address>
<city>Silver Spring</city>
<state>MD</state>
<postal>20910</postal>
<country>USA</country>
</cntaddr>
<cntperp>
<cntper>P-Surge Project Lead</cntper>
<cntorg>MDL (OST) Evaluation Branch</cntorg>
</cntperp>
<cntvoice>301-713-1613</cntvoice>
<cntemail>nws.psurge@noaa.gov</cntemail>
<hours>Monday - Friday 8:00 AM - 5:00 PM Eastern Time</hours>
</cntinfo>
<cntinfo>
<cntaddr>
<address>National Hurricane Center</address>
<addrtype>mailing address</addrtype>
<address>11691 SW 17th Street</address>
<city>Miami</city>
<state>FL</state>
<postal>33165</postal>
<country>USA</country>
</cntaddr>
<cntperp>
<cntper>GIS POC</cntper>
<cntorg>Technical Support Branch</cntorg>
</cntperp>
<cntvoice>305-229-4470</cntvoice>
<cntemail></cntemail>
<hours>Monday - Friday 8:00 AM - 5:00 PM Eastern Time</hours>
</cntinfo>
</distrib>
<distliab>NOAA/NWS MDL and TPC</distliab>
<stdorder>
<digform>
<digtinfo>
<transize Sync="TRUE">8.756</transize>
<dssize Sync="TRUE">8.756</dssize>
<formname>shp</formname>
</digtinfo>
<digtopt>
<onlinopt>
<computer>
<networka>
<networkr>http://www.nws.noaa.gov/mdl/psurge2.0/</networkr>
</networka>
</computer>
<accinstr>The network resource name provides access to downloadable data.</accinstr>
</onlinopt>
</digtopt>
</digform>
<fees>None</fees>
</stdorder>
</distinfo>

<distInfo>
<distributor>
<distorTran>
<onLineSrc>
<orDesc Sync="TRUE">002</orDesc>
<linkage Sync="TRUE">d:/zzz_xmlfile/\{file}</linkage>
<protocol Sync="TRUE">http</protocol>
</onLineSrc>
<transSize Sync="TRUE">8.756</transSize>
</distorTran>
<distorFormat>
<formatName Sync="TRUE">Shapefile</formatName>
</distorFormat>
</distributor>
</distInfo>

<spdoinfo>
<direct Sync="TRUE">Vector</direct>
<ptvctinf>
<esriterm Name="{file}">
<efeatyp Sync="TRUE">Simple</efeatyp>
<efeageom Sync="TRUE">Polygon</efeageom>
<esritopo Sync="TRUE">FALSE</esritopo>
<efeacnt Sync="TRUE">28</efeacnt>
<spindex Sync="TRUE">FALSE</spindex>
<linrefer Sync="TRUE">FALSE</linrefer>
</esriterm>
<sdtsterm Name="{file}">
<sdtstype Sync="TRUE">G-polygon</sdtstype>
<ptvctcnt Sync="TRUE">28</ptvctcnt>
</sdtsterm>
</ptvctinf>
</spdoinfo>

<spref>
<horizsys>
<cordsysn>
<geogcsn Sync="TRUE">NCEP_SPHERE</geogcsn>
</cordsysn>
<geograph>
<geogunit Sync="TRUE">Decimal degrees</geogunit>
<latres Sync="TRUE">0.000001</latres>
<longres Sync="TRUE">0.000001</longres>
</geograph>
<geodetic>
<horizdn Sync="TRUE">NCEP_SPHERE</horizdn>
<ellips Sync="TRUE">NCEP_SPHERE</ellips>
<semiaxis Sync="TRUE">6371200.000000</semiaxis>
<denflat Sync="TRUE">infinity</denflat>
</geodetic>
</horizsys>
</spref>

<refSysInfo>
<RefSystem>
<refSysID>
<identCode Sync="TRUE">NCEP_SPHERE</identCode>
</refSysID>
</RefSystem>
</refSysInfo>

<spatRepInfo>
<VectSpatRep>
<topLvl>
<TopoLevCd Sync="TRUE" value="001"></TopoLevCd>
</topLvl>
<geometObjs Name="{file}">
<geoObjTyp>
<GeoObjTypCd Sync="TRUE" value="001"></GeoObjTypCd>
</geoObjTyp>
<geoObjCnt Sync="TRUE">28</geoObjCnt>
</geometObjs>
</VectSpatRep>
</spatRepInfo>

<eainfo>
<detailed Name="{file}">
<enttyp>
<enttypl Sync="TRUE">{file}</enttypl>
<enttypt Sync="TRUE">Feature Class</enttypt>
<enttypc Sync="TRUE">28</enttypc>
<enttypd>Height of Storm Surge for which there is a 10 percent chance of exceedence</enttypd>
<enttypds>NOAA/NWS MDL and TPC</enttypds>
</enttyp>
<attr>
<attrlabl Sync="TRUE">FID</attrlabl>
<attalias Sync="TRUE">FID</attalias>
<attrtype Sync="TRUE">OID</attrtype>
<attwidth Sync="TRUE">4</attwidth>
<atprecis Sync="TRUE">0</atprecis>
<attscale Sync="TRUE">0</attscale>
<attrdef Sync="TRUE">Internal feature number.</attrdef>
<attrdefs Sync="TRUE">ESRI</attrdefs>
<attrdomv>
<udom Sync="TRUE">Sequential unique whole numbers that are automatically generated.</udom>
</attrdomv>
</attr>
<attr>
<attrlabl Sync="TRUE">Shape</attrlabl>
<attalias Sync="TRUE">Shape</attalias>
<attrtype Sync="TRUE">Geometry</attrtype>
<attwidth Sync="TRUE">0</attwidth>
<atprecis Sync="TRUE">0</atprecis>
<attscale Sync="TRUE">0</attscale>
<attrdef Sync="TRUE">Feature geometry.</attrdef>
<attrdefs Sync="TRUE">ESRI</attrdefs>
<attrdomv>
<udom Sync="TRUE">Coordinates defining the features.</udom>
</attrdomv>
</attr>
<attr>
<attrlabl Sync="TRUE">POINTID</attrlabl>
<attalias Sync="TRUE">POINTID</attalias>
<attrtype Sync="TRUE">Number</attrtype>
<attwidth Sync="TRUE">8</attwidth>
<atprecis Sync="TRUE">0</atprecis>
<attscale Sync="TRUE">0</attscale>
<attrdef Sync="TRUE">Unique feature identification number (Long Integer).</attrdef>
<attrdefs Sync="TRUE">ESRI</attrdefs>
<attrdomv>
<udom Sync="TRUE">Coordinates defining the features.</udom>
</attrdomv>
</attr>
<attr>
<attrlabl Sync="TRUE">ESurge10c</attrlabl>
<attalias Sync="TRUE">ESurge10c</attalias>
<attrtype Sync="TRUE">Number</attrtype>
<attwidth Sync="TRUE">8</attwidth>
<atprecis Sync="TRUE">0</atprecis>
<attscale Sync="TRUE">0</attscale>
<attrdef Sync="TRUE">Height of Storm Surge for which there is a 10 percent chance of exceedence.</attrdef>
<attrdefs Sync="TRUE">ESRI</attrdefs>
<attrdomv>
<udom Sync="TRUE">Coordinates defining the features.</udom>
</attrdomv>
<atnumdec Sync="TRUE">3</atnumdec>
</attr>
</detailed>
</eainfo>

<mdDateSt Sync="TRUE">20241007</mdDateSt>

</metadata>
